<?xml version="1.0" encoding="UTF-8"?>
<project-private xmlns="http://www.netbeans.org/ns/project-private/1">
    <editor-bookmarks xmlns="http://www.netbeans.org/ns/editor-bookmarks/2" lastBookmarkId="0"/>
    <open-files xmlns="http://www.netbeans.org/ns/projectui-open-files/2">
        <group>
            <file>file:/C:/Users/hp/Documents/NetBeansProjects/1new/src/pkg1new/Main.java</file>
            <file>file:/C:/Users/hp/Documents/NetBeansProjects/1new/src/pkg1new/ChatMessage.java</file>
            <file>file:/C:/Users/hp/Documents/NetBeansProjects/1new/src/pkg1new/Client.java</file>
            <file>file:/C:/Users/hp/Documents/NetBeansProjects/1new/src/pkg1new/ServerGUI1.java</file>
            <file>file:/C:/Users/hp/Documents/NetBeansProjects/1new/src/pkg1new/Server.java</file>
            <file>file:/C:/Users/hp/Documents/NetBeansProjects/1new/src/pkg1new/ServerGUI.java</file>
            <file>file:/C:/Users/hp/Documents/NetBeansProjects/1new/src/pkg1new/ClientGUI.java</file>
        </group>
    </open-files>
</project-private>
